group,layer_no,layer_table,coord_no,field_id,col_id,title
gesui_osui,24001,Atr24001_マンホール,607,SAUID,userID,
gesui_osui,24001,Atr24001_マンホール,607,SAFIELD000,UserID,ユーザID
gesui_osui,24001,Atr24001_マンホール,607,SAFIELD001,NO_,zukei_id
gesui_osui,24001,Atr24001_マンホール,607,SAFIELD002,KEY_ID,人孔キー
gesui_osui,24001,Atr24001_マンホール,607,SAFIELD003,KUBUN,下水道区分名
gesui_osui,24001,Atr24001_マンホール,607,SAFIELD004,SHUBETSU,下水種別名称
gesui_osui,24001,Atr24001_マンホール,607,SAFIELD005,SHORIBUNKU_MEI,処理分区名称
gesui_osui,24001,Atr24001_マンホール,607,SAFIELD006,HAISUIKUIKI_MEI,排水区名称
gesui_osui,24001,Atr24001_マンホール,607,SAFIELD007,ZUMEN_NO,図面番号
gesui_osui,24001,Atr24001_マンホール,607,SAFIELD008,KITEN_UMU,起点人孔区分
gesui_osui,24001,Atr24001_マンホール,607,SAFIELD009,MAHOLE_SHU,人孔種別名称
gesui_osui,24001,Atr24001_マンホール,607,SAFIELD010,NAIKEI_TYOU,人孔内径１(cm) 長辺/直径
gesui_osui,24001,Atr24001_マンホール,607,SAFIELD011,NAIKEI_TAN,人孔内径２(cm) 短辺
gesui_osui,24001,Atr24001_マンホール,607,SAFIELD012,FUKASA,人孔深(m)
gesui_osui,24001,Atr24001_マンホール,607,SAFIELD013,JIBANKOU,地盤高(m)
gesui_osui,24001,Atr24001_マンホール,607,SAFIELD014,PONPU_UMU,マンホールポンプ区分
gesui_osui,24001,Atr24001_マンホール,607,SAFIELD015,FUKU_UMU,副管有無
gesui_osui,24001,Atr24001_マンホール,607,SAFIELD016,DOUROKANRISHA,道路管理者名
gesui_osui,24001,Atr24001_マンホール,607,SAFIELD017,HOSOUSHUBETSU,舗装種別
gesui_osui,24001,Atr24001_マンホール,607,SAFIELD018,SEKOU_YEAR,施工年度
gesui_osui,24001,Atr24001_マンホール,607,SAFIELD019,FUSETSU_YEAR,布設年度
gesui_osui,24001,Atr24001_マンホール,607,SAFIELD020,BIKOU,備考
gesui_osui,24001,Atr24001_マンホール,607,SAFIELD021,SHISAN_NO,資産番号
gesui_osui,24005,,607,SAUID,userID,
gesui_osui,24006,,607,SAUID,userID,
gesui_osui,24021,Atr24021_管渠,607,SAUID,userID,
gesui_osui,24021,Atr24021_管渠,607,SAFIELD000,SEKOU_YEAR,施工年度
gesui_osui,24021,Atr24021_管渠,607,SAFIELD001,KANSHU_MEI,管種名称
gesui_osui,24021,Atr24021_管渠,607,SAFIELD002,KANKEI_HABA,管径１(mm) 径/幅
gesui_osui,24021,Atr24021_管渠,607,SAFIELD003,JO_DOKABIRU,上流土被り(m)
gesui_osui,24021,Atr24021_管渠,607,SAFIELD004,KA_DOKABURI,下流土被り(m)
gesui_osui,24026,,607,SAUID,userID,
gesui_osui,24027,,607,SAUID,userID,
gesui_osui,24041,Atr24041_桝,607,SAUID,userID,
gesui_osui,24041,Atr24041_桝,607,SAFIELD000,KANSHU_MEI,管種名称
gesui_osui,24041,Atr24041_桝,607,SAFIELD001,KANKEI,取付管管径(mm)
gesui_osui,24041,Atr24041_桝,607,SAFIELD002,ENCHO,本管までの距離(m)
gesui_osui,24041,Atr24041_桝,607,SAFIELD003,TEIKA_ENCHO,上流人孔からの距離(m)
gesui_osui,24051,Atr24051_取付管,607,SAUID,userID,
gesui_osui,24051,Atr24051_取付管,607,SAFIELD000,KANSHU_MEI,管種名称
gesui_osui,24051,Atr24051_取付管,607,SAFIELD001,KANKEI,取付管管径(mm)
gesui_osui,24051,Atr24051_取付管,607,SAFIELD002,ENCHO,本管までの距離(m)
gesui_osui,24051,Atr24051_取付管,607,SAFIELD003,TEIKA_ENCHO,上流人孔からの距離(m)
gesui_osui,24055,,607,SAUID,userID,
gesui_osui,24101,,607,SAUID,userID,
gesui_osui,24102,,607,SAUID,userID,
gesui_osui,24103,,607,SAUID,userID,
gesui_osui,24104,,607,SAUID,userID,
gesui_osui,24105,,607,SAUID,userID,
gesui_osui,24210,,607,SAUID,userID,
gesui_usui,24001,Atr24001_マンホール,607,SAUID,userID,
gesui_usui,24001,Atr24001_マンホール,607,SAFIELD000,UserID,ユーザID
gesui_usui,24001,Atr24001_マンホール,607,SAFIELD001,NO_,zukei_id
gesui_usui,24001,Atr24001_マンホール,607,SAFIELD002,KEY_ID,人孔キー
gesui_usui,24001,Atr24001_マンホール,607,SAFIELD003,KUBUN,下水道区分名
gesui_usui,24001,Atr24001_マンホール,607,SAFIELD004,SHUBETSU,下水種別名称
gesui_usui,24001,Atr24001_マンホール,607,SAFIELD005,SHORIBUNKU_MEI,処理分区名称
gesui_usui,24001,Atr24001_マンホール,607,SAFIELD006,HAISUIKUIKI_MEI,排水区名称
gesui_usui,24001,Atr24001_マンホール,607,SAFIELD007,ZUMEN_NO,図面番号
gesui_usui,24001,Atr24001_マンホール,607,SAFIELD008,KITEN_UMU,起点人孔区分
gesui_usui,24001,Atr24001_マンホール,607,SAFIELD009,MAHOLE_SHU,人孔種別名称
gesui_usui,24001,Atr24001_マンホール,607,SAFIELD010,NAIKEI_TYOU,人孔内径１(cm) 長辺/直径
gesui_usui,24001,Atr24001_マンホール,607,SAFIELD011,NAIKEI_TAN,人孔内径２(cm) 短辺
gesui_usui,24001,Atr24001_マンホール,607,SAFIELD012,FUKASA,人孔深(m)
gesui_usui,24001,Atr24001_マンホール,607,SAFIELD013,JIBANKOU,地盤高(m)
gesui_usui,24001,Atr24001_マンホール,607,SAFIELD014,PONPU_UMU,マンホールポンプ区分
gesui_usui,24001,Atr24001_マンホール,607,SAFIELD015,FUKU_UMU,副管有無
gesui_usui,24001,Atr24001_マンホール,607,SAFIELD016,DOUROKANRISHA,道路管理者名
gesui_usui,24001,Atr24001_マンホール,607,SAFIELD017,HOSOUSHUBETSU,舗装種別
gesui_usui,24001,Atr24001_マンホール,607,SAFIELD018,SEKOU_YEAR,施工年度
gesui_usui,24001,Atr24001_マンホール,607,SAFIELD019,FUSETSU_YEAR,布設年度
gesui_usui,24001,Atr24001_マンホール,607,SAFIELD020,BIKOU,備考
gesui_usui,24001,Atr24001_マンホール,607,SAFIELD021,SHISAN_NO,資産番号
gesui_usui,24021,Atr24021_管渠,607,SAUID,userID,
gesui_usui,24021,Atr24021_管渠,607,SAFIELD000,SEKOU_YEAR,施工年度
gesui_usui,24021,Atr24021_管渠,607,SAFIELD001,KANSHU_MEI,管種名称
gesui_usui,24021,Atr24021_管渠,607,SAFIELD002,KANKEI_HABA,管径１(mm) 径/幅
gesui_usui,24021,Atr24021_管渠,607,SAFIELD003,JO_DOKABIRU,上流土被り(m)
gesui_usui,24021,Atr24021_管渠,607,SAFIELD004,KA_DOKABURI,下流土被り(m)
gesui_usui,24041,Atr24041_桝,607,SAUID,userID,
gesui_usui,24041,Atr24041_桝,607,SAFIELD000,KANSHU_MEI,管種名称
gesui_usui,24041,Atr24041_桝,607,SAFIELD001,KANKEI,取付管管径(mm)
gesui_usui,24041,Atr24041_桝,607,SAFIELD002,ENCHO,本管までの距離(m)
gesui_usui,24041,Atr24041_桝,607,SAFIELD003,TEIKA_ENCHO,上流人孔からの距離(m)
gesui_usui,24051,Atr24051_取付管,607,SAUID,userID,
gesui_usui,24051,Atr24051_取付管,607,SAFIELD000,KANSHU_MEI,管種名称
gesui_usui,24051,Atr24051_取付管,607,SAFIELD001,KANKEI,取付管管径(mm)
gesui_usui,24051,Atr24051_取付管,607,SAFIELD002,ENCHO,本管までの距離(m)
gesui_usui,24051,Atr24051_取付管,607,SAFIELD003,TEIKA_ENCHO,上流人孔からの距離(m)
gesui_usui,24103,,607,SAUID,userID,
gesui_usui,24104,,607,SAUID,userID,
gesui_usui,24105,,607,SAUID,userID,
gesui_usui,24201,,607,SAUID,userID,
gesui_usui,24202,,607,SAUID,userID,
gesui_usui,24203,,607,SAUID,userID,
gesui_usui,24204,,607,SAUID,userID,
gesui_usui,24205,,607,SAUID,userID,
gesui_usui,24206,,607,SAUID,userID,
gesui_usui,24207,,607,SAUID,userID,
gesui_usui,24211,,607,SAUID,userID,
suidou,22001,Atr22001_管路,607,SAUID,userID,
suidou,22001,Atr22001_管路,607,SAFIELD000,kansyu,管種
suidou,22001,Atr22001_管路,607,SAFIELD001,koukei,口径(mm)
suidou,22001,Atr22001_管路,607,SAFIELD002,dokaburi,土被り(m)
suidou,22006,,607,SAUID,userID,
suidou,22011,,607,SAUID,userID,
suidou,22061,Atr22061_給水管,607,SAUID,userID,
suidou,22061,Atr22061_給水管,607,SAFIELD000,meter_koukei,メータ口径(mm)
suidou,22061,Atr22061_給水管,607,SAFIELD001,kyusuikansyu,給水管種
suidou,22061,Atr22061_給水管,607,SAFIELD002,kyusuikoukei,給水口径(mm)
suidou,22101,Atr22101_弁栓,607,SAUID,userID,
suidou,22101,Atr22101_弁栓,607,SAFIELD000,FACILITY_ID,施設ID
suidou,22101,Atr22101_弁栓,607,SAFIELD001,bensen_no,弁栓番号(裏)
suidou,22101,Atr22101_弁栓,607,SAFIELD002,bensen_ban,弁栓番号(表)
suidou,22101,Atr22101_弁栓,607,SAFIELD003,haisuikeitou_no,配水系統
suidou,22101,Atr22101_弁栓,607,SAFIELD004,block_no,配水ブロック
suidou,22101,Atr22101_弁栓,607,SAFIELD005,bensyu_no,弁種類
suidou,22101,Atr22101_弁栓,607,SAFIELD006,zaisitu,材質等
suidou,22101,Atr22101_弁栓,607,SAFIELD007,koukei,口径
suidou,22101,Atr22101_弁栓,607,SAFIELD008,heihoukou,開方向
suidou,22101,Atr22101_弁栓,607,SAFIELD009,kaihei,開閉状態
suidou,22101,Atr22101_弁栓,607,SAFIELD010,hosyuben,補修弁
suidou,22101,Atr22101_弁栓,607,SAFIELD011,toritukekan,取付管口径
suidou,22101,Atr22101_弁栓,607,SAFIELD012,jissokuatu,実測圧(kg/cm2)
suidou,22101,Atr22101_弁栓,607,SAFIELD013,sokuteinen,測定年月日
suidou,22101,Atr22101_弁栓,607,SAFIELD014,setteiatu,設定圧(kg/cm2)
suidou,22101,Atr22101_弁栓,607,SAFIELD015,benkyou,弁筐材質
suidou,22101,Atr22101_弁栓,607,SAFIELD016,dokaburi,土被り
suidou,22101,Atr22101_弁栓,607,SAFIELD017,yorihaba,寄り幅
suidou,22101,Atr22101_弁栓,607,SAFIELD018,syoyukbn,所有権区分
suidou,22101,Atr22101_弁栓,607,SAFIELD019,fuseturosen,布設認定路線
suidou,22101,Atr22101_弁栓,607,SAFIELD020,senyou_no,占用番号
suidou,22101,Atr22101_弁栓,607,SAFIELD021,kotei_no1,固定資産番号1
suidou,22101,Atr22101_弁栓,607,SAFIELD022,kotei_no2,固定資産番号2
suidou,22101,Atr22101_弁栓,607,SAFIELD023,kotei_no3,固定資産番号3
suidou,22101,Atr22101_弁栓,607,SAFIELD024,fusetunen,布設・設置年度
suidou,22101,Atr22101_弁栓,607,SAFIELD025,joutai,状態
suidou,22101,Atr22101_弁栓,607,SAFIELD026,syuzenkeireki1,修繕経歴1
suidou,22101,Atr22101_弁栓,607,SAFIELD027,syuzenkeireki2,修繕経歴2
suidou,22101,Atr22101_弁栓,607,SAFIELD028,syuzenkeireki3,修繕経歴3
suidou,22101,Atr22101_弁栓,607,SAFIELD029,syuzenkeireki4,修繕経歴4
suidou,22101,Atr22101_弁栓,607,SAFIELD030,syuzenkeireki5,修繕経歴5
suidou,22101,Atr22101_弁栓,607,SAFIELD031,syuzennaiyou1,修繕内容1
suidou,22101,Atr22101_弁栓,607,SAFIELD032,syuzennaiyou2,修繕内容2
suidou,22101,Atr22101_弁栓,607,SAFIELD033,syuzennaiyou3,修繕内容3
suidou,22101,Atr22101_弁栓,607,SAFIELD034,syuzennaiyou4,修繕内容4
suidou,22101,Atr22101_弁栓,607,SAFIELD035,syuzennaiyou5,修繕内容5
suidou,22101,Atr22101_弁栓,607,SAFIELD036,syuzengyosya1,修繕業者1
suidou,22101,Atr22101_弁栓,607,SAFIELD037,syuzengyosya2,修繕業者2
suidou,22101,Atr22101_弁栓,607,SAFIELD038,syuzengyosya3,修繕業者3
suidou,22101,Atr22101_弁栓,607,SAFIELD039,syuzengyosya4,修繕業者4
suidou,22101,Atr22101_弁栓,607,SAFIELD040,syuzengyosya5,修繕業者5
suidou,22101,Atr22101_弁栓,607,SAFIELD041,kouji_no,工事番号
suidou,22101,Atr22101_弁栓,607,SAFIELD042,updttm,更新年月日
suidou,22101,Atr22101_弁栓,607,SAFIELD043,maibotu,埋没
suidou,22101,Atr22101_弁栓,607,SAFIELD044,setteiatu2,設定圧2(kg/cm2)
suidou,22101,Atr22101_弁栓,607,SAFIELD045,Update_memo,更新メモ
suidou,22116,Atr22116_消火栓,607,SAUID,userID,
suidou,22116,Atr22116_消火栓,607,SAFIELD000,FACILITY_ID,施設ID
suidou,22116,Atr22116_消火栓,607,SAFIELD001,bensen_no,弁栓番号(裏)
suidou,22116,Atr22116_消火栓,607,SAFIELD002,bensen_ban,弁栓番号(表)
suidou,22116,Atr22116_消火栓,607,SAFIELD003,haisuikeitou_no,配水系統
suidou,22116,Atr22116_消火栓,607,SAFIELD004,block_no,配水ブロック
suidou,22116,Atr22116_消火栓,607,SAFIELD005,bensyu_no,弁種類
suidou,22116,Atr22116_消火栓,607,SAFIELD006,zaisitu,材質等
suidou,22116,Atr22116_消火栓,607,SAFIELD007,koukei,口径
suidou,22116,Atr22116_消火栓,607,SAFIELD008,heihoukou,開方向
suidou,22116,Atr22116_消火栓,607,SAFIELD009,kaihei,開閉状態
suidou,22116,Atr22116_消火栓,607,SAFIELD010,hosyuben,補修弁
suidou,22116,Atr22116_消火栓,607,SAFIELD011,toritukekan,取付管口径
suidou,22116,Atr22116_消火栓,607,SAFIELD012,jissokuatu,実測圧(kg/cm2)
suidou,22116,Atr22116_消火栓,607,SAFIELD013,sokuteinen,測定年月日
suidou,22116,Atr22116_消火栓,607,SAFIELD014,setteiatu,設定圧(kg/cm2)
suidou,22116,Atr22116_消火栓,607,SAFIELD015,benkyou,弁筐材質
suidou,22116,Atr22116_消火栓,607,SAFIELD016,dokaburi,土被り
suidou,22116,Atr22116_消火栓,607,SAFIELD017,yorihaba,寄り幅
suidou,22116,Atr22116_消火栓,607,SAFIELD018,syoyukbn,所有権区分
suidou,22116,Atr22116_消火栓,607,SAFIELD019,fuseturosen,布設認定路線
suidou,22116,Atr22116_消火栓,607,SAFIELD020,senyou_no,占用番号
suidou,22116,Atr22116_消火栓,607,SAFIELD021,kotei_no1,固定資産番号1
suidou,22116,Atr22116_消火栓,607,SAFIELD022,kotei_no2,固定資産番号2
suidou,22116,Atr22116_消火栓,607,SAFIELD023,kotei_no3,固定資産番号3
suidou,22116,Atr22116_消火栓,607,SAFIELD024,fusetunen,布設・設置年度
suidou,22116,Atr22116_消火栓,607,SAFIELD025,joutai,状態
suidou,22116,Atr22116_消火栓,607,SAFIELD026,syuzenkeireki1,修繕経歴1
suidou,22116,Atr22116_消火栓,607,SAFIELD027,syuzenkeireki2,修繕経歴2
suidou,22116,Atr22116_消火栓,607,SAFIELD028,syuzenkeireki3,修繕経歴3
suidou,22116,Atr22116_消火栓,607,SAFIELD029,syuzenkeireki4,修繕経歴4
suidou,22116,Atr22116_消火栓,607,SAFIELD030,syuzenkeireki5,修繕経歴5
suidou,22116,Atr22116_消火栓,607,SAFIELD031,syuzennaiyou1,修繕内容1
suidou,22116,Atr22116_消火栓,607,SAFIELD032,syuzennaiyou2,修繕内容2
suidou,22116,Atr22116_消火栓,607,SAFIELD033,syuzennaiyou3,修繕内容3
suidou,22116,Atr22116_消火栓,607,SAFIELD034,syuzennaiyou4,修繕内容4
suidou,22116,Atr22116_消火栓,607,SAFIELD035,syuzennaiyou5,修繕内容5
suidou,22116,Atr22116_消火栓,607,SAFIELD036,syuzengyosya1,修繕業者1
suidou,22116,Atr22116_消火栓,607,SAFIELD037,syuzengyosya2,修繕業者2
suidou,22116,Atr22116_消火栓,607,SAFIELD038,syuzengyosya3,修繕業者3
suidou,22116,Atr22116_消火栓,607,SAFIELD039,syuzengyosya4,修繕業者4
suidou,22116,Atr22116_消火栓,607,SAFIELD040,syuzengyosya5,修繕業者5
suidou,22116,Atr22116_消火栓,607,SAFIELD041,kouji_no,工事番号
suidou,22116,Atr22116_消火栓,607,SAFIELD042,updttm,更新年月日
suidou,22116,Atr22116_消火栓,607,SAFIELD043,maibotu,埋没
suidou,22116,Atr22116_消火栓,607,SAFIELD044,setteiatu2,設定圧2(kg/cm2)
suidou,22116,Atr22116_消火栓,607,SAFIELD045,Update_memo,更新メモ
