SAUID,system,dia_mm,road_up,road_dn,length_m
11469,雨水,1200.0,愛知県,愛知県,341.6690680010727
20527,雨水,2000.0,愛知県,愛知県,259.49055636555016
19927,雨水,1650.0,建設省,建設省,225.73029600828522
19931,雨水,1650.0,建設省,建設省,202.40376756801308
20033,雨水,1100.0,愛知県,愛知県,199.53316730884143
6119,雨水,1350.0,愛知県,建設省,181.5686672982439
20553,雨水,1650.0,建設省,建設省,178.7380688671285
11415,雨水,2200.0,愛知県,愛知県,169.26666749956496
12197,雨水,1200.0,建設省,建設省,150.72609669520264
6205,雨水,1350.0,愛知県,愛知県,147.48612087377487
11416,雨水,2200.0,愛知県,愛知県,147.23661335140866
12219,雨水,1200.0,建設省,建設省,142.6111673951049
6093,雨水,800.0,愛知県,愛知県,140.5550171889954
17353,汚水,350.0,愛知県,愛知県,133.6624466024119
19956,雨水,1350.0,愛知県,愛知県,133.58664031563146
20564,雨水,1350.0,建設省,建設省,132.6881774605967
20526,雨水,2000.0,愛知県,愛知県,129.48874718902158
19930,雨水,1350.0,建設省,建設省,122.66265271356166
6055,雨水,2000.0,愛知県,愛知県,121.45409688087892
11724,雨水,1200.0,建設省,建設省,120.72625340211202
17354,汚水,350.0,愛知県,愛知県,118.21963590916455
11467,雨水,2200.0,愛知県,愛知県,114.58272392923679
21274,汚水,350.0,愛知県,愛知県,110.38863560014973
3454,汚水,250.0,愛知県,愛知県,107.5001572359084
8897,雨水,1350.0,愛知県,愛知県,107.22684646075795
8886,雨水,1650.0,愛知県,愛知県,106.28874018025058
172,汚水,400.0,愛知県,愛知県,106.22592658497244
9296,汚水,300.0,愛知県,愛知県,106.00025503224104
1460,汚水,300.0,愛知県,愛知県,103.41528537573933
1356,汚水,300.0,愛知県,愛知県,102.43564938201759
21276,汚水,350.0,愛知県,愛知県,102.00837480726119
16091,汚水,350.0,愛知県,愛知県,102.00354806342415
20529,雨水,800.0,愛知県,愛知県,101.04862914389022
173,汚水,500.0,愛知県,愛知県,101.04460892931345
16102,汚水,150.0,愛知県,愛知県,98.4666472327652
6497,汚水,200.0,建設省,建設省,98.44605392830867
16090,汚水,350.0,愛知県,愛知県,98.1974976922516
6132,雨水,2000.0,愛知県,愛知県,98.01022833915415
2412,汚水,600.0,愛知県,愛知県,97.55502828872561
11405,雨水,1350.0,愛知県,愛知県,97.30242758347126
3455,汚水,250.0,愛知県,愛知県,97.15791400317721
8879,雨水,2000.0,愛知県,愛知県,96.06743350262612
3453,汚水,250.0,愛知県,愛知県,96.05937479591438
9252,汚水,350.0,愛知県,愛知県,95.83287239560444
1357,汚水,300.0,愛知県,愛知県,94.35159372087725
11721,雨水,1200.0,建設省,建設省,93.44554680550172
8297,汚水,150.0,建設省,建設省,93.07498303919654
21275,汚水,350.0,愛知県,愛知県,92.13938943681008
19929,雨水,1200.0,建設省,建設省,91.33291449767401
6371,汚水,150.0,建設省,建設省,90.04311041805148
17729,汚水,250.0,愛知県,愛知県,89.09459835464354
20021,雨水,800.0,愛知県,愛知県,86.9222880267086
11732,雨水,2000.0,建設省,建設省,86.0611496772792
20560,雨水,800.0,建設省,建設省,84.60943044245776
168,汚水,350.0,愛知県,愛知県,84.24626628078921
6404,汚水,150.0,建設省,建設省,83.97474883821884
14767,汚水,150.0,建設省,建設省,83.75255243450904
6485,汚水,150.0,建設省,建設省,83.74198459485007
6403,汚水,150.0,建設省,建設省,82.68998911095993
20604,汚水,150.0,愛知県,愛知県,82.62526957854205
6486,汚水,150.0,建設省,建設省,81.52088948479744
8293,汚水,150.0,建設省,建設省,81.41481930598695
7624,汚水,300.0,愛知県,愛知県,81.18718733271822
6402,汚水,150.0,建設省,建設省,80.96114926177573
8961,汚水,500.0,愛知県,愛知県,80.96017585902489
8295,汚水,150.0,建設省,建設省,78.97645696964332
2194,汚水,500.0,愛知県,愛知県,78.39290420287156
19953,雨水,900.0,愛知県,愛知県,77.53131628876338
2826,汚水,200.0,愛知県,愛知県,75.58150732750457
2693,汚水,200.0,愛知県,愛知県,74.84794809487056
20552,雨水,800.0,建設省,建設省,74.77290377742418
17277,汚水,200.0,愛知県,愛知県,74.09463488262035
14690,汚水,150.0,建設省,建設省,73.26412623926805
8347,汚水,150.0,建設省,建設省,72.99187892680072
10333,汚水,300.0,愛知県,愛知県,72.64236865090689
6396,汚水,150.0,建設省,建設省,72.37147592032596
17404,汚水,200.0,愛知県,愛知県,72.0636457575741
14755,汚水,150.0,建設省,建設省,71.70943872321297
9292,汚水,250.0,愛知県,愛知県,71.57287652871781
17725,汚水,200.0,愛知県,愛知県,71.38787269998662
9213,汚水,200.0,愛知県,愛知県,70.77445388745569
14751,汚水,150.0,建設省,建設省,70.6490964490496
17715,汚水,200.0,愛知県,愛知県,70.5569211267041
7366,汚水,200.0,愛知県,愛知県,68.4807317519864
6373,汚水,150.0,建設省,建設省,67.77799398191641
16115,汚水,200.0,愛知県,愛知県,65.63235922832918
1164,汚水,200.0,愛知県,愛知県,65.62669949046087
2825,汚水,150.0,愛知県,愛知県,65.55065105252723
20101,雨水,1500.0,建設省,建設省,64.60423999696933
6374,汚水,150.0,建設省,建設省,64.51676005303446
10833,雨水,500.0,建設省,建設省,63.94920998956132
2824,汚水,150.0,愛知県,愛知県,63.619799425316195
8366,汚水,150.0,建設省,建設省,63.41558979036821
11722,雨水,1200.0,建設省,建設省,62.615056492096
1370,汚水,200.0,愛知県,愛知県,61.46514190344296
19917,雨水,2000.0,建設省,建設省,61.09219544791449
7629,汚水,300.0,愛知県,愛知県,60.90183497641948
10570,汚水,250.0,愛知県,愛知県,60.74176995629468
1368,汚水,200.0,愛知県,愛知県,60.33087341859925
14691,汚水,150.0,建設省,建設省,60.09451873015829
5803,雨水,600.0,愛知県,愛知県,59.95561564946873
5417,雨水,800.0,建設省,建設省,59.87281033909759
20097,雨水,800.0,建設省,建設省,59.859292345729926
7630,汚水,200.0,愛知県,愛知県,59.85538577558973
7447,汚水,400.0,愛知県,愛知県,59.577853782017655
17389,汚水,200.0,愛知県,愛知県,58.80746070059996
17388,汚水,200.0,愛知県,愛知県,58.7456471987363
8141,汚水,150.0,建設省,建設省,58.60280938271776
1418,汚水,200.0,愛知県,愛知県,58.216718574740305
1371,汚水,200.0,愛知県,愛知県,57.99106570542246
20098,雨水,800.0,建設省,建設省,57.86024532735918
10334,汚水,200.0,愛知県,愛知県,57.841448197891694
17357,汚水,200.0,愛知県,愛知県,57.78899249995341
182,汚水,200.0,愛知県,愛知県,57.56400617389939
13218,汚水,150.0,建設省,建設省,57.47853789373311
2209,汚水,300.0,愛知県,愛知県,57.25174619771675
7448,汚水,200.0,愛知県,愛知県,57.19878156843492
14761,汚水,150.0,建設省,建設省,56.05707226733174
14763,汚水,150.0,建設省,建設省,56.038641255284986
6372,汚水,150.0,建設省,建設省,55.87690276102232
6889,汚水,150.0,愛知県,愛知県,55.66331352854889
1163,汚水,200.0,愛知県,愛知県,55.65053894376781
6895,汚水,200.0,愛知県,愛知県,55.64153764760893
171,汚水,400.0,愛知県,愛知県,55.55302672805305
3464,汚水,250.0,愛知県,愛知県,55.26911747011279
10886,雨水,600.0,愛知県,愛知県,54.81839109605377
8234,汚水,150.0,建設省,建設省,54.60133558713497
8231,汚水,150.0,建設省,建設省,54.3130358856253
5303,雨水,800.0,建設省,建設省,54.18614982345768
11730,雨水,1200.0,建設省,建設省,54.05597450786161
19980,雨水,700.0,建設省,建設省,53.97179106461298
13216,汚水,150.0,建設省,建設省,53.892569578210725
11769,汚水,200.0,愛知県,愛知県,53.876815450781265
6118,雨水,900.0,愛知県,愛知県,53.762883704921016
10326,汚水,300.0,愛知県,愛知県,53.67629427723052
14754,汚水,150.0,建設省,建設省,53.60669936722475
10835,雨水,500.0,建設省,建設省,52.57228470492527
1269,汚水,150.0,愛知県,愛知県,52.43281075191856
2216,汚水,200.0,愛知県,愛知県,52.41264889164602
9233,汚水,200.0,愛知県,愛知県,52.376244201757935
10989,汚水,200.0,建設省,建設省,52.035411052008946
20069,雨水,1500.0,建設省,建設省,51.864140884963625
8753,汚水,200.0,愛知県,愛知県,51.844124036160245
17761,汚水,200.0,愛知県,愛知県,51.669778240765744
10574,汚水,250.0,愛知県,愛知県,51.50848257696031
11002,汚水,200.0,建設省,建設省,51.136200040656966
20067,雨水,1500.0,建設省,建設省,50.90653485333015
5317,雨水,600.0,建設省,建設省,50.86547706195293
3461,汚水,250.0,愛知県,愛知県,50.85749287172971
11003,汚水,200.0,建設省,建設省,50.85584879209783
14833,汚水,200.0,建設省,建設省,50.61113405219857
4004,汚水,200.0,愛知県,愛知県,50.56761154042827
2411,汚水,600.0,愛知県,愛知県,50.53204004892851
11001,汚水,200.0,建設省,建設省,50.47440487890891
17444,汚水,200.0,建設省,建設省,50.344206775386205
6305,汚水,150.0,建設省,建設省,50.29222839167854
9096,汚水,200.0,建設省,建設省,50.193344317863286
10993,汚水,200.0,建設省,建設省,49.94933552024102
5549,汚水,200.0,建設省,建設省,49.90661003477296
17793,汚水,200.0,建設省,建設省,49.901047668874696
5290,汚水,200.0,愛知県,愛知県,49.90029151704625
1422,汚水,200.0,愛知県,愛知県,49.888056720093324
10988,汚水,200.0,建設省,建設省,49.844827537553414
10996,汚水,200.0,建設省,建設省,49.84044108397441
10994,汚水,200.0,建設省,建設省,49.805644080275776
5450,汚水,200.0,愛知県,愛知県,49.7457694086623
10319,汚水,250.0,愛知県,愛知県,49.738294568441205
10312,汚水,250.0,愛知県,愛知県,49.72891213049998
17387,汚水,200.0,愛知県,愛知県,49.708816012139465
1513,汚水,150.0,愛知県,愛知県,49.69451505356972
6894,汚水,200.0,愛知県,愛知県,49.63973111332303
9236,汚水,200.0,愛知県,愛知県,49.612821004831986
9103,汚水,200.0,建設省,建設省,49.558244874358664
1445,汚水,150.0,愛知県,愛知県,49.55315378118319
5429,汚水,200.0,愛知県,愛知県,49.53656168408787
13344,汚水,200.0,愛知県,愛知県,49.50494293438021
17390,汚水,200.0,愛知県,愛知県,49.35425312104228
14769,汚水,150.0,建設省,建設省,49.095257407476055
7149,汚水,200.0,愛知県,愛知県,49.00264442047905
10325,汚水,300.0,愛知県,愛知県,48.96282022083938
7129,汚水,200.0,愛知県,愛知県,48.95038453763275
5420,雨水,1000.0,建設省,建設省,48.85597108991582
4845,汚水,200.0,愛知県,愛知県,48.81742401550073
176,汚水,200.0,愛知県,愛知県,48.529620941878605
10308,汚水,250.0,愛知県,愛知県,48.349317091359296
11000,汚水,200.0,建設省,建設省,48.32709690871195
13221,汚水,150.0,建設省,建設省,48.09236173681539
13212,汚水,150.0,建設省,建設省,48.034932714758504
5318,雨水,700.0,建設省,建設省,47.76423390665125
17442,汚水,200.0,建設省,建設省,47.616611019610154
6879,汚水,250.0,愛知県,愛知県,47.20846595778664
17445,汚水,200.0,建設省,建設省,47.08180406056844
10572,汚水,250.0,愛知県,愛知県,47.04738392108206
9095,汚水,200.0,建設省,建設省,47.02627884704957
180,汚水,200.0,愛知県,愛知県,46.95019250625567
10984,汚水,200.0,愛知県,愛知県,46.93739913859774
9291,汚水,250.0,愛知県,愛知県,46.86167378317515
17273,汚水,200.0,愛知県,愛知県,46.70549179086705
7642,汚水,200.0,愛知県,愛知県,46.62882235645489
10327,汚水,300.0,愛知県,愛知県,46.56351940829373
7498,汚水,200.0,愛知県,愛知県,46.446604896536556
20537,雨水,800.0,愛知県,愛知県,46.26789708245386
8960,汚水,500.0,愛知県,愛知県,46.26604499835345
10571,汚水,250.0,愛知県,愛知県,46.18086461075531
7329,汚水,200.0,愛知県,愛知県,46.12376531848263
9290,汚水,250.0,愛知県,愛知県,45.96318064439793
5025,汚水,200.0,愛知県,愛知県,45.9328045280809
2235,汚水,200.0,愛知県,愛知県,45.61612699662186
2236,汚水,200.0,愛知県,愛知県,45.54265514321977
5304,雨水,800.0,建設省,建設省,45.53577951968903
9193,汚水,200.0,建設省,建設省,45.38694970311606
6503,汚水,200.0,建設省,建設省,45.33341367965372
17451,汚水,200.0,建設省,建設省,45.32401875425654
7367,汚水,200.0,愛知県,愛知県,45.25729588822906
5293,汚水,200.0,愛知県,愛知県,45.256119809065424
5291,汚水,200.0,愛知県,愛知県,45.16279726489798
7641,汚水,200.0,愛知県,愛知県,45.103511859973736
1233,汚水,200.0,愛知県,愛知県,45.04171481628146
178,汚水,200.0,愛知県,愛知県,45.02328919728542
17443,汚水,200.0,建設省,建設省,44.93395943194894
5292,汚水,200.0,愛知県,愛知県,44.88974038189661
2214,汚水,200.0,愛知県,愛知県,44.64651961380205
19979,雨水,600.0,建設省,建設省,44.64155740168986
1419,汚水,200.0,愛知県,愛知県,44.61360665677233
1363,汚水,200.0,愛知県,愛知県,44.59425514903107
7368,汚水,200.0,愛知県,愛知県,44.56880671318364
10311,汚水,250.0,愛知県,愛知県,44.56542231945088
19677,汚水,200.0,愛知県,愛知県,44.33263079248877
7330,汚水,200.0,愛知県,愛知県,44.30394369921352
9294,汚水,250.0,愛知県,愛知県,44.262609361719555
17449,汚水,200.0,建設省,建設省,44.23120622058101
17450,汚水,200.0,建設省,建設省,44.11307544726944
4008,汚水,200.0,愛知県,愛知県,44.006662337871894
14694,汚水,150.0,建設省,建設省,43.97369077787525
7148,汚水,200.0,愛知県,愛知県,43.77605535150872
8345,汚水,150.0,建設省,建設省,43.70915186511293
6151,雨水,600.0,愛知県,愛知県,43.6869070488246
13210,汚水,150.0,建設省,建設省,43.67065871524334
6149,雨水,600.0,愛知県,愛知県,43.66389223458138
2692,汚水,200.0,愛知県,愛知県,43.583484793482164
10322,汚水,300.0,愛知県,愛知県,43.20557087539974
5418,雨水,800.0,建設省,建設省,43.079863147453544
10309,汚水,250.0,愛知県,愛知県,43.05669711745988
1364,汚水,200.0,愛知県,愛知県,42.97140686030142
2416,汚水,200.0,愛知県,愛知県,42.961396031563915
10336,汚水,200.0,愛知県,愛知県,42.83774476440423
8349,汚水,150.0,建設省,建設省,42.83314473509918
10992,汚水,200.0,建設省,建設省,42.819060300202054
10893,雨水,800.0,愛知県,愛知県,42.817247013575106
9051,汚水,300.0,愛知県,愛知県,42.81670392193072
17713,汚水,200.0,愛知県,愛知県,42.79616775282539
6369,汚水,150.0,建設省,建設省,42.75443526141984
10320,汚水,300.0,愛知県,愛知県,42.7060876198131
17791,汚水,200.0,建設省,建設省,42.64919945796076
6150,雨水,600.0,愛知県,愛知県,42.63963002591081
7509,汚水,200.0,愛知県,愛知県,42.59966874288231
6148,雨水,450.0,愛知県,愛知県,42.5400063205037
5724,雨水,600.0,愛知県,愛知県,42.4291306096371
174,汚水,200.0,愛知県,愛知県,42.35975574144632
7625,汚水,200.0,愛知県,愛知県,42.31382654941076
9221,汚水,200.0,建設省,建設省,42.19295804291879
6494,汚水,150.0,建設省,建設省,42.00387921466216
1420,汚水,200.0,愛知県,愛知県,41.998156185368536
4318,汚水,300.0,愛知県,愛知県,41.89088152410856
10335,汚水,200.0,愛知県,愛知県,41.73651093735943
11451,雨水,1500.0,愛知県,愛知県,41.726060471658556
7328,汚水,200.0,愛知県,愛知県,41.5494810655646
19993,雨水,500.0,建設省,建設省,41.531866519961355
10896,雨水,800.0,愛知県,愛知県,41.48894293728404
17455,汚水,200.0,建設省,建設省,41.45173819787083
2823,汚水,150.0,愛知県,愛知県,41.41110504237122
6880,汚水,250.0,愛知県,愛知県,41.34546602269452
10894,雨水,800.0,愛知県,愛知県,41.287273135262936
10885,雨水,600.0,愛知県,愛知県,41.25727038583208
10895,雨水,800.0,愛知県,愛知県,41.19151697205429
10884,雨水,600.0,愛知県,愛知県,41.12413227908046
4844,汚水,200.0,愛知県,愛知県,41.11487752715749
3463,汚水,250.0,愛知県,愛知県,41.04913943713138
10332,汚水,300.0,愛知県,愛知県,40.961211901991575
5984,雨水,800.0,建設省,建設省,40.93565662808148
7499,汚水,200.0,愛知県,愛知県,40.81763553645982
6306,汚水,150.0,建設省,建設省,40.715491208786275
17733,汚水,200.0,愛知県,愛知県,40.521112817980644
17452,汚水,200.0,建設省,建設省,40.4936719823726
6153,雨水,400.0,愛知県,愛知県,40.48003237817873
6346,汚水,200.0,建設省,建設省,40.409486972640174
6142,雨水,400.0,愛知県,愛知県,40.397264500043214
5316,雨水,500.0,建設省,建設省,40.344364431695766
4850,汚水,200.0,愛知県,愛知県,40.26209511062973
1361,汚水,200.0,愛知県,愛知県,40.195086183653174
17355,汚水,200.0,愛知県,愛知県,40.14031628346982
6401,汚水,150.0,建設省,建設省,40.04364220630369
20096,雨水,800.0,建設省,建設省,40.04340108944788
7639,汚水,300.0,愛知県,愛知県,40.01698839156354
19992,雨水,500.0,建設省,建設省,39.977270251643404
11890,雨水,400.0,愛知県,愛知県,39.857045203679846
17726,汚水,200.0,愛知県,愛知県,39.84322577264321
5294,汚水,200.0,愛知県,愛知県,39.827489669166496
11639,雨水,700.0,建設省,建設省,39.73783027560636
17382,汚水,200.0,愛知県,愛知県,39.693710459972614
6140,雨水,400.0,愛知県,愛知県,39.688779138651945
11889,雨水,400.0,愛知県,愛知県,39.62187763538684
6141,雨水,400.0,愛知県,愛知県,39.49729442026328
6154,雨水,400.0,愛知県,愛知県,39.48703057877102
11888,雨水,400.0,愛知県,愛知県,39.30719824281488
10883,雨水,600.0,愛知県,愛知県,39.22150601976308
10990,汚水,200.0,建設省,建設省,39.174353580148704
10318,汚水,250.0,愛知県,愛知県,39.09946009920108
13211,汚水,150.0,建設省,建設省,38.9869866682617
7638,汚水,200.0,愛知県,愛知県,38.959388677094374
17727,汚水,200.0,愛知県,愛知県,38.863672752163524
12064,雨水,400.0,建設省,建設省,38.794854932371976
6375,汚水,150.0,建設省,建設省,38.7431100378759
9050,汚水,200.0,愛知県,愛知県,38.69492551648104
14758,汚水,150.0,建設省,建設省,38.689002395162284
948,汚水,200.0,愛知県,愛知県,38.26698880825007
6147,雨水,450.0,愛知県,愛知県,37.92432843447303
1362,汚水,200.0,愛知県,愛知県,37.86610938709677
11723,雨水,800.0,建設省,建設省,37.79267811732693
13219,汚水,150.0,建設省,建設省,37.79011235406118
11640,雨水,700.0,建設省,建設省,37.718185840081325
1467,汚水,200.0,愛知県,愛知県,37.629307078281485
6326,汚水,200.0,建設省,建設省,37.616292233987096
20633,汚水,150.0,愛知県,愛知県,37.45425258142154
7496,汚水,200.0,愛知県,愛知県,37.44200306722549
17790,汚水,200.0,建設省,建設省,37.27477309515593
7161,汚水,200.0,愛知県,愛知県,37.09628703428039
17714,汚水,200.0,愛知県,愛知県,37.0796171038719
7169,汚水,200.0,愛知県,愛知県,37.072057771648396
9222,汚水,200.0,建設省,建設省,36.97214916285362
16108,汚水,200.0,愛知県,愛知県,36.93275038191614
1461,汚水,200.0,愛知県,愛知県,36.81989949535273
17381,汚水,200.0,愛知県,愛知県,36.77452018375517
17385,汚水,200.0,愛知県,愛知県,36.387970772847524
1463,汚水,200.0,愛知県,愛知県,36.300799541596874
6484,汚水,150.0,建設省,建設省,36.258479135386295
14832,汚水,200.0,建設省,建設省,36.10383102928038
7128,汚水,200.0,愛知県,愛知県,35.89293727739435
17448,汚水,200.0,建設省,建設省,35.83934898240372
2447,汚水,200.0,愛知県,愛知県,35.75648489716207
17446,汚水,200.0,建設省,建設省,35.65516822286538
9059,汚水,200.0,愛知県,愛知県,35.63708249807174
11468,雨水,800.0,愛知県,愛知県,35.53785272570597
947,汚水,200.0,愛知県,愛知県,35.40864459071466
2260,汚水,200.0,愛知県,愛知県,35.38106187537888
5286,汚水,200.0,愛知県,愛知県,35.282767056577754
6308,汚水,150.0,建設省,建設省,35.26973802076807
20068,雨水,1500.0,建設省,建設省,35.18530302297721
8232,汚水,150.0,建設省,建設省,35.14121602660441
974,汚水,150.0,愛知県,愛知県,34.948425338841716
9101,汚水,200.0,愛知県,愛知県,34.78956774955653
8348,汚水,150.0,建設省,建設省,34.63485547241593
6320,汚水,150.0,建設省,建設省,34.622696853014475
1167,汚水,200.0,愛知県,愛知県,34.149741233731135
6493,汚水,150.0,建設省,建設省,33.957895173157375
20705,汚水,150.0,愛知県,愛知県,33.88644073962415
9052,汚水,250.0,愛知県,愛知県,33.8122076910755
10317,汚水,250.0,愛知県,愛知県,33.77860818933698
5419,雨水,1000.0,建設省,建設省,33.69455872978861
7508,汚水,200.0,愛知県,愛知県,33.45517218246855
7566,汚水,200.0,愛知県,愛知県,33.454647297098916
2234,汚水,200.0,愛知県,愛知県,33.26886392912765
2237,汚水,200.0,愛知県,愛知県,33.15327317041109
10937,雨水,800.0,愛知県,愛知県,33.080627312403145
1227,汚水,200.0,愛知県,愛知県,33.040098937434124
7511,汚水,200.0,愛知県,愛知県,32.845936814323146
946,汚水,200.0,愛知県,愛知県,32.692204493989664
19919,雨水,,建設省,建設省,32.68970169076013
2258,汚水,200.0,愛知県,愛知県,32.44637374438417
20703,汚水,150.0,愛知県,愛知県,32.439091540918426
1224,汚水,200.0,愛知県,愛知県,32.410998725090685
5022,汚水,200.0,愛知県,愛知県,32.35789129819625
10577,汚水,250.0,愛知県,愛知県,32.29521451242036
10337,汚水,200.0,愛知県,愛知県,32.11906091755047
6329,汚水,150.0,建設省,建設省,32.08002045258939
8346,汚水,150.0,建設省,建設省,32.055223423665524
20095,雨水,800.0,建設省,建設省,32.01045448031125
10313,汚水,250.0,愛知県,愛知県,31.900702449659615
10834,雨水,500.0,建設省,建設省,31.849614341687566
5982,雨水,800.0,建設省,建設省,31.825331332774223
13217,汚水,150.0,建設省,建設省,31.611257785149576
6327,汚水,150.0,建設省,建設省,31.609103328034067
10987,汚水,200.0,建設省,建設省,31.550172031353455
5024,汚水,200.0,愛知県,愛知県,31.501509835506873
1462,汚水,200.0,愛知県,愛知県,31.155203341704215
19943,雨水,800.0,建設省,建設省,31.045206572276392
14530,汚水,200.0,愛知県,愛知県,31.019721965596997
2432,汚水,200.0,愛知県,愛知県,30.994825545286066
6496,汚水,150.0,建設省,建設省,30.802222633418108
14696,汚水,150.0,建設省,建設省,30.746523423534338
6370,汚水,150.0,建設省,建設省,30.580462102694185
5016,汚水,200.0,愛知県,愛知県,30.565821070042002
7530,汚水,200.0,愛知県,愛知県,30.37082962740174
14693,汚水,150.0,建設省,建設省,30.331519239482038
1223,汚水,200.0,愛知県,愛知県,30.24551620678276
1166,汚水,200.0,愛知県,愛知県,30.227559599411677
1225,汚水,200.0,愛知県,愛知県,30.21353556222099
1466,汚水,200.0,愛知県,愛知県,30.111722953640715
1465,汚水,200.0,愛知県,愛知県,30.100799453377146
7626,汚水,200.0,愛知県,愛知県,30.063437962419545
1417,汚水,200.0,愛知県,愛知県,29.61815505206722
14757,汚水,150.0,建設省,建設省,29.53173573298248
10985,汚水,200.0,愛知県,愛知県,29.28068931541365
2413,汚水,200.0,愛知県,愛知県,28.917012952000235
170,汚水,200.0,愛知県,愛知県,28.686823044584187
7446,汚水,200.0,愛知県,愛知県,28.513937153868895
9293,汚水,250.0,愛知県,愛知県,28.35019782007768
4012,汚水,200.0,愛知県,愛知県,27.731135009891595
7497,汚水,200.0,愛知県,愛知県,27.71550926460995
10890,雨水,800.0,愛知県,愛知県,27.45522205188969
6344,汚水,200.0,建設省,建設省,27.435618103105497
17276,汚水,200.0,愛知県,愛知県,27.39754026639148
10879,雨水,600.0,愛知県,愛知県,27.292500199064403
6317,汚水,150.0,建設省,建設省,27.2787862599209
10935,雨水,600.0,愛知県,愛知県,27.195246958716243
8865,雨水,600.0,愛知県,愛知県,27.191758543438564
8350,汚水,150.0,建設省,建設省,27.139634959794996
10880,雨水,600.0,愛知県,愛知県,27.09089448436646
10934,雨水,600.0,愛知県,愛知県,27.068500667094447
6318,汚水,150.0,建設省,建設省,27.0282727318292
10314,汚水,250.0,愛知県,愛知県,26.95941093353617
10938,雨水,800.0,愛知県,愛知県,26.929451803840198
10891,雨水,800.0,愛知県,愛知県,26.735248785776065
10889,雨水,800.0,愛知県,愛知県,26.73127768809743
2435,汚水,200.0,愛知県,愛知県,26.600323365893363
14529,汚水,200.0,愛知県,愛知県,26.571912238931045
14692,汚水,150.0,建設省,建設省,26.404007991509584
2822,汚水,150.0,愛知県,愛知県,26.204338780848506
12063,雨水,300.0,建設省,建設省,25.979288192766045
10881,雨水,600.0,愛知県,愛知県,25.952408436101983
11712,雨水,300.0,建設省,建設省,25.83318185712747
8864,雨水,800.0,愛知県,愛知県,25.791773669357774
9102,汚水,200.0,愛知県,愛知県,25.704093813685503
10933,雨水,600.0,愛知県,愛知県,25.66085645707443
1522,汚水,150.0,愛知県,愛知県,25.601983299420386
10564,汚水,250.0,愛知県,愛知県,25.593903616292955
17274,汚水,200.0,愛知県,愛知県,25.524521475955073
4010,汚水,200.0,愛知県,愛知県,25.50623467806994
169,汚水,200.0,愛知県,愛知県,25.465052238989408
5020,汚水,200.0,愛知県,愛知県,25.41713287469148
7532,汚水,200.0,愛知県,愛知県,25.210438756578426
14677,汚水,150.0,建設省,建設省,25.070013684849343
1492,汚水,150.0,愛知県,愛知県,24.845133249500343
11705,雨水,300.0,建設省,建設省,24.751970639071253
10882,雨水,600.0,愛知県,愛知県,24.66777676253038
5717,雨水,1500.0,愛知県,愛知県,24.60011053345574
19977,雨水,450.0,建設省,建設省,24.40790606323711
5017,汚水,200.0,愛知県,愛知県,23.969682970172794
7168,汚水,200.0,愛知県,愛知県,23.653039760952655
11672,雨水,400.0,建設省,建設省,23.21969773929827
13220,汚水,150.0,建設省,建設省,23.060621254869698
1366,汚水,200.0,愛知県,愛知県,22.904864501970053
10998,汚水,200.0,建設省,建設省,22.601731418124114
14750,汚水,150.0,建設省,建設省,22.58994781015236
2210,汚水,200.0,愛知県,愛知県,22.345648095471873
2433,汚水,200.0,愛知県,愛知県,22.096509540889823
2434,汚水,200.0,愛知県,愛知県,21.877865626934177
17275,汚水,200.0,愛知県,愛知県,21.854715220701358
2694,汚水,200.0,愛知県,愛知県,21.763107435027756
6495,汚水,150.0,建設省,建設省,21.502330265292983
10310,汚水,250.0,愛知県,愛知県,21.498976366460894
10316,汚水,250.0,愛知県,愛知県,21.453619926224633
11642,雨水,700.0,建設省,建設省,21.404419907417516
11641,雨水,700.0,建設省,建設省,21.390971433893746
9017,汚水,200.0,愛知県,愛知県,21.295942911713357
11704,雨水,300.0,建設省,建設省,21.27161807419815
1200,汚水,150.0,愛知県,愛知県,21.19889861605352
1367,汚水,200.0,愛知県,愛知県,21.174859532885748
1421,汚水,200.0,愛知県,愛知県,21.04752521033985
1373,汚水,200.0,愛知県,愛知県,21.04205447382211
5451,汚水,200.0,愛知県,愛知県,20.862231780394023
11684,雨水,300.0,建設省,建設省,20.686711789180684
11685,雨水,300.0,建設省,建設省,20.605223479165574
6482,汚水,150.0,建設省,建設省,20.583470588696233
11682,雨水,300.0,建設省,建設省,20.52726667744555
11683,雨水,300.0,建設省,建設省,20.431825174075087
11669,雨水,400.0,建設省,建設省,20.399073899181076
10892,雨水,800.0,愛知県,愛知県,20.31131894904768
11703,雨水,300.0,建設省,建設省,20.309372270596302
11658,雨水,450.0,建設省,建設省,20.26336573985939
11656,雨水,450.0,建設省,建設省,20.073323694124078
11657,雨水,450.0,建設省,建設省,19.88269720256937
6357,汚水,300.0,建設省,建設省,19.669751511840943
11637,雨水,700.0,建設省,建設省,19.3013373808978
11668,雨水,400.0,建設省,建設省,19.231487473039202
10830,雨水,500.0,建設省,建設省,18.590290838826768
11713,雨水,300.0,建設省,愛知県,18.479630799963793
4006,汚水,200.0,愛知県,愛知県,18.475738014570013
16113,汚水,250.0,愛知県,愛知県,18.31601567188568
20706,汚水,150.0,愛知県,愛知県,18.081966320065767
6304,汚水,150.0,建設省,建設省,17.89479441818742
7636,汚水,200.0,愛知県,愛知県,17.85567142386726
17734,汚水,200.0,愛知県,愛知県,17.842174448275678
7159,汚水,200.0,愛知県,愛知県,17.679472233936735
5023,汚水,200.0,愛知県,愛知県,17.463673101286314
6368,汚水,150.0,建設省,建設省,17.21704299675989
14671,汚水,150.0,建設省,建設省,17.128375843195908
15705,汚水,150.0,愛知県,愛知県,16.957518093693082
7391,汚水,200.0,愛知県,愛知県,16.86952656370287
2218,汚水,200.0,愛知県,愛知県,16.693943650680588
11706,雨水,300.0,建設省,建設省,16.607686332498986
2217,汚水,200.0,愛知県,愛知県,16.581074906456298
1199,汚水,150.0,愛知県,愛知県,16.487955972660785
5460,汚水,200.0,愛知県,愛知県,16.364804106238605
181,汚水,200.0,愛知県,愛知県,16.3454419006628
6065,雨水,1500.0,愛知県,愛知県,16.335844196790035
11904,雨水,1650.0,愛知県,愛知県,16.039963050045518
6897,汚水,200.0,愛知県,愛知県,15.790752560606965
8365,汚水,150.0,建設省,建設省,15.73367012559267
6896,汚水,200.0,愛知県,愛知県,15.668855000667532
11707,雨水,300.0,建設省,建設省,15.664356003433113
1443,汚水,150.0,愛知県,愛知県,15.64099637327121
5458,汚水,250.0,愛知県,愛知県,15.514735569950357
20621,汚水,150.0,建設省,建設省,15.458037553321418
1350,汚水,300.0,愛知県,愛知県,15.215458645638455
11667,雨水,400.0,建設省,建設省,15.149019076696423
1365,汚水,200.0,愛知県,愛知県,15.122385371838163
6358,汚水,150.0,建設省,建設省,14.929505440648766
5289,汚水,200.0,愛知県,愛知県,14.803144083800078
4320,汚水,200.0,愛知県,愛知県,14.586275123795113
16103,汚水,150.0,愛知県,愛知県,14.559304611716474
5027,汚水,200.0,愛知県,愛知県,14.540568273045086
5018,汚水,200.0,愛知県,愛知県,14.484754654468388
5302,雨水,700.0,建設省,建設省,14.184415177745075
1372,汚水,200.0,愛知県,愛知県,14.162766828793952
4011,汚水,200.0,愛知県,愛知県,14.130017917826402
11643,雨水,800.0,建設省,建設省,14.07374806435699
1464,汚水,200.0,愛知県,愛知県,14.064102691064553
7130,汚水,200.0,愛知県,愛知県,14.054635853237771
11470,雨水,1200.0,愛知県,愛知県,14.026569344232962
14768,汚水,150.0,建設省,建設省,13.876269434361332
11655,雨水,450.0,建設省,建設省,13.79170762724679
11691,雨水,300.0,建設省,建設省,13.79074195097669
10323,汚水,300.0,愛知県,愛知県,13.771448818197085
11638,雨水,700.0,建設省,建設省,13.735810361948669
2219,汚水,200.0,愛知県,愛知県,13.583160821336211
1349,汚水,250.0,愛知県,愛知県,13.534854537553437
11660,雨水,400.0,建設省,建設省,13.363462014540948
11714,雨水,300.0,建設省,建設省,13.12472195386077
11671,雨水,400.0,建設省,建設省,13.05910184637526
4846,汚水,200.0,愛知県,愛知県,12.746691448503515
6483,汚水,150.0,建設省,建設省,12.611595613175908
11687,雨水,600.0,建設省,建設省,11.947249367306522
5026,汚水,200.0,愛知県,愛知県,11.905179592712955
19412,雨水,450.0,愛知県,愛知県,11.903220182481673
14760,汚水,150.0,建設省,建設省,11.861894714872664
2259,汚水,200.0,愛知県,愛知県,11.802457400027258
17738,汚水,200.0,愛知県,愛知県,11.681668591826277
16104,汚水,150.0,愛知県,愛知県,11.64876012186198
17716,汚水,200.0,愛知県,愛知県,11.505279230354772
5802,雨水,600.0,愛知県,愛知県,11.366000063875964
11692,雨水,300.0,建設省,建設省,11.205514193257185
11648,雨水,400.0,建設省,建設省,10.95887406364176
10566,汚水,250.0,愛知県,愛知県,10.927851585254928
9273,汚水,250.0,愛知県,愛知県,10.871212376230432
20540,雨水,300.0,建設省,建設省,10.786892978213972
14759,汚水,150.0,建設省,建設省,10.771283325372528
11731,雨水,,建設省,建設省,10.721700717150597
6400,汚水,150.0,建設省,建設省,10.687800340360361
1423,汚水,200.0,愛知県,愛知県,10.668257784567684
1334,汚水,150.0,愛知県,愛知県,10.426523203461988
11670,雨水,400.0,建設省,建設省,10.341039126874676
8962,汚水,200.0,愛知県,愛知県,10.210618531481684
19976,雨水,450.0,建設省,建設省,10.154005424368737
19918,雨水,2000.0,建設省,建設省,10.131221735712
10324,汚水,300.0,愛知県,愛知県,10.11100528970442
11702,雨水,300.0,建設省,建設省,9.940419759801292
5019,汚水,200.0,愛知県,愛知県,9.84330419615119
7637,汚水,200.0,愛知県,愛知県,9.827576046649272
5725,雨水,600.0,愛知県,愛知県,9.792070799526726
6891,汚水,150.0,愛知県,愛知県,9.750674418624172
14752,汚水,150.0,建設省,建設省,9.723514985366426
19955,雨水,900.0,愛知県,愛知県,9.531522634396273
7510,汚水,200.0,愛知県,愛知県,9.445899330500964
7627,汚水,200.0,愛知県,愛知県,9.382533513469419
11681,雨水,300.0,建設省,建設省,9.228877533564498
5029,汚水,200.0,愛知県,愛知県,9.031507461153545
7628,汚水,200.0,愛知県,愛知県,9.029073971084282
17447,汚水,200.0,建設省,建設省,8.663371438813716
16099,汚水,150.0,愛知県,愛知県,8.621156392166862
9000,汚水,150.0,建設省,建設省,8.376405959059788
11650,雨水,400.0,建設省,建設省,8.31851186887364
11665,雨水,400.0,建設省,建設省,8.208886964025359
11652,雨水,400.0,建設省,建設省,8.175542888572094
15708,汚水,200.0,愛知県,愛知県,8.171906231761053
5287,汚水,200.0,愛知県,愛知県,8.162085153330457
7390,汚水,200.0,愛知県,愛知県,8.159622092568076
11662,雨水,400.0,建設省,建設省,8.159476463865452
6345,汚水,200.0,建設省,建設省,8.112674900751953
11666,雨水,400.0,建設省,建設省,8.083210226646415
11664,雨水,400.0,建設省,建設省,8.059909463834408
11654,雨水,450.0,建設省,建設省,8.031090238349256
11661,雨水,400.0,建設省,建設省,7.984668563153293
11653,雨水,400.0,建設省,建設省,7.983237661779059
11663,雨水,400.0,建設省,建設省,7.971583927150595
20639,汚水,100.0,愛知県,愛知県,7.918737904486392
11651,雨水,400.0,建設省,建設省,7.843975272899774
10575,汚水,250.0,愛知県,愛知県,7.588013502956226
6328,汚水,150.0,建設省,建設省,7.507788848719782
19944,雨水,800.0,建設省,建設省,7.487494126698932
19982,雨水,450.0,建設省,建設省,7.44100210402869
3602,汚水,350.0,建設省,建設省,7.431337935650902
11659,雨水,450.0,建設省,建設省,7.406600326150653
6309,汚水,200.0,建設省,建設省,7.306591903625956
4849,汚水,200.0,愛知県,愛知県,7.197265110157328
179,汚水,200.0,愛知県,愛知県,6.786091433761131
16112,汚水,250.0,愛知県,愛知県,6.670545214081474
8351,汚水,150.0,建設省,建設省,6.444643841778386
8276,汚水,150.0,建設省,建設省,6.367774574445317
6343,汚水,200.0,建設省,建設省,6.223176585530128
5735,雨水,800.0,愛知県,愛知県,6.107426665252408
10565,汚水,250.0,愛知県,愛知県,6.056827970298778
8294,汚水,150.0,建設省,建設省,6.006448240068191
6890,汚水,150.0,愛知県,愛知県,5.999188304649831
15738,汚水,150.0,愛知県,愛知県,5.994257885367506
5288,汚水,200.0,愛知県,愛知県,5.905327432057362
13222,汚水,150.0,建設省,建設省,5.846534067371266
1488,汚水,200.0,愛知県,愛知県,5.788747803724682
6892,汚水,150.0,愛知県,愛知県,5.768399834948135
2410,汚水,350.0,愛知県,愛知県,5.749465806259943
11475,雨水,2000.0,愛知県,愛知県,5.632704386654852
16109,汚水,250.0,愛知県,愛知県,5.562214071147968
11649,雨水,400.0,建設省,建設省,5.528403504104185
19957,雨水,1350.0,愛知県,愛知県,5.526774786954512
6893,汚水,150.0,愛知県,愛知県,5.521072012083255
11686,雨水,300.0,建設省,建設省,5.49720127141126
5983,雨水,800.0,建設省,建設省,5.460892910247523
5285,汚水,200.0,愛知県,愛知県,5.437668757193812
2953,汚水,300.0,建設省,建設省,5.3431416583690705
8998,汚水,150.0,建設省,建設省,5.312517696166556
6356,汚水,150.0,建設省,建設省,5.232327587249327
9295,汚水,250.0,愛知県,愛知県,5.221651914949874
177,汚水,200.0,愛知県,愛知県,5.1970220877941795
10630,汚水,150.0,愛知県,愛知県,5.187133077678509
15709,汚水,200.0,愛知県,愛知県,5.02034718851986
2215,汚水,200.0,愛知県,愛知県,4.928535254303536
5452,汚水,200.0,愛知県,愛知県,4.904507263622596
19978,雨水,450.0,建設省,建設省,4.768365840692318
10338,汚水,200.0,愛知県,愛知県,4.695010693109329
7131,汚水,200.0,愛知県,愛知県,4.637360036719106
14753,汚水,150.0,建設省,建設省,4.513166642231935
10573,汚水,250.0,愛知県,愛知県,4.463908938214276
20707,汚水,200.0,愛知県,愛知県,4.38450818222232
1165,汚水,200.0,愛知県,愛知県,4.257713753498759
16100,汚水,150.0,愛知県,愛知県,4.125587186492044
4024,汚水,150.0,愛知県,愛知県,3.953056918985197
14756,汚水,150.0,建設省,建設省,3.885227694087426
15706,汚水,150.0,愛知県,愛知県,3.8381899282037244
15707,汚水,200.0,愛知県,愛知県,3.8148627253940197
7643,汚水,200.0,愛知県,愛知県,3.660313777477716
17728,汚水,200.0,愛知県,愛知県,3.3562208253720556
4007,汚水,200.0,愛知県,愛知県,3.237799424588669
16101,汚水,150.0,愛知県,愛知県,3.1247988323960607
3462,汚水,250.0,愛知県,愛知県,3.0791273263220846
11005,汚水,200.0,建設省,建設省,3.069228586740629
4005,汚水,200.0,愛知県,愛知県,3.031005993430278
8352,汚水,200.0,建設省,建設省,2.726497750680244
20704,汚水,150.0,愛知県,愛知県,2.7053613436985717
16114,汚水,250.0,愛知県,愛知県,2.621870937724804
10991,汚水,200.0,建設省,建設省,2.565921471759988
20632,汚水,150.0,愛知県,愛知県,2.4535364272824602
20620,汚水,150.0,建設省,建設省,2.3099999999976717
