SAUID,system,dia_mm,material,year,length_m
22581,雨水,8100.0,その他,,10.198299122882334
11883,雨水,7000.0,その他,1997.0,7.579783967895176
11885,雨水,7000.0,その他,1997.0,19.834758911238467
11884,雨水,7000.0,その他,1997.0,3.236987642985846
11899,雨水,5000.0,その他,1997.0,16.32315095194271
11898,雨水,5000.0,その他,1997.0,10.077830570127821
8882,雨水,5000.0,その他,1997.0,30.934018010289265
6185,雨水,5000.0,その他,1997.0,51.48358561716731
11882,雨水,5000.0,その他,1997.0,38.000847582649435
20571,雨水,5000.0,その他,1997.0,32.4060848424669
22698,雨水,4500.0,ヒューム管,2009.0,9.352140557110896
20429,雨水,4500.0,ヒューム管,2009.0,5.342920851145047
22699,雨水,4500.0,ヒューム管,2009.0,1.6816022121801977
22697,雨水,4000.0,ヒューム管,2009.0,2.013331815670638
20418,雨水,4000.0,ヒューム管,2009.0,47.79511039654525
20425,雨水,4000.0,ヒューム管,2009.0,52.50439931699807
20386,雨水,4000.0,ヒューム管,2009.0,48.7153347477783
20384,雨水,4000.0,ヒューム管,2009.0,48.228146325675624
20419,雨水,4000.0,ヒューム管,2009.0,53.03016448694636
19355,雨水,4000.0,その他,,31.311996073512567
5361,雨水,4000.0,ヒューム管,2009.0,34.00470956535935
22694,雨水,4000.0,ヒューム管,2009.0,6.26772374950794
20287,雨水,4000.0,ヒューム管,2009.0,27.875578613523675
5807,雨水,3800.0,その他,,38.452606099269595
19715,雨水,3500.0,その他,,10.486706680363202
19714,雨水,3500.0,その他,,10.481688079696543
20286,雨水,3500.0,ヒューム管,2009.0,68.834850778197
22695,雨水,3500.0,ヒューム管,2009.0,99.3834676389053
22700,雨水,3500.0,ヒューム管,2009.0,19.420039160617886
22701,雨水,3500.0,ヒューム管,2009.0,59.30807932314566
19739,雨水,3500.0,その他,,6.672882344845751
19721,雨水,3500.0,その他,,6.340211646320265
22696,雨水,3500.0,ヒューム管,2009.0,81.1813640626333
11461,雨水,3500.0,ヒューム管,1994.0,98.77685476547651
19698,雨水,3500.0,その他,,11.991943462167786
19697,雨水,3500.0,その他,,14.13835704741308
19699,雨水,3500.0,その他,,5.720332333000946
19700,雨水,3500.0,その他,,7.5767912073714445
19696,雨水,3500.0,その他,,20.09718012558162
19702,雨水,3500.0,その他,,19.692879347626153
19701,雨水,3500.0,その他,,21.75310931797664
19705,雨水,3500.0,その他,,19.901926992123514
19695,雨水,3500.0,その他,,20.096693509132237
19354,雨水,3500.0,その他,,32.4090558347481
19713,雨水,3500.0,その他,,30.558176139935686
19703,雨水,3500.0,その他,,20.601394248927296
19717,雨水,3500.0,その他,,73.47169381460976
19718,雨水,3500.0,その他,,4.804941831072816
19719,雨水,3500.0,その他,,10.876222791887088
19716,雨水,3500.0,その他,,3.0047493505583747
19706,雨水,3500.0,その他,,6.701619580368252
19704,雨水,3500.0,その他,,20.256295441180903
19707,雨水,3500.0,その他,,9.050093789112342
19720,雨水,3500.0,その他,,8.031784919936554
5732,雨水,3300.0,その他,,41.64332287026996
5799,雨水,3300.0,その他,,34.47887296273312
20551,雨水,3300.0,その他,,46.40065684512098
5800,雨水,3300.0,その他,,36.50307427576305
11967,雨水,3000.0,その他,,19.368668475032162
11971,雨水,3000.0,その他,,14.501810260321045
11965,雨水,3000.0,その他,,102.28616528912475
11966,雨水,3000.0,その他,,86.97306927588353
19815,雨水,3000.0,シールド,2004.0,340.582709222419
19746,雨水,3000.0,シールド,2004.0,258.9604083120095
19757,雨水,3000.0,シールド,2004.0,129.00039811515205
19722,雨水,3000.0,シールド,2004.0,190.49780302680156
6184,雨水,3000.0,その他,1997.0,180.8684322840401
19093,雨水,3000.0,その他,,25.183228406316946
6079,雨水,3000.0,その他,1997.0,7.540225261891426
19114,雨水,3000.0,その他,,28.964017360794994
6080,雨水,3000.0,その他,1997.0,6.171185056375691
8847,雨水,3000.0,その他,1997.0,50.02439108034014
8925,雨水,3000.0,,,50.366509240579944
9264,雨水,3000.0,シールド,2004.0,41.280078236257616
22720,雨水,3000.0,,,13.404854083499648
402,汚水,3000.0,シールド,2004.0,44.913416988660956
19814,雨水,3000.0,シールド,2004.0,218.46451750995232
6081,雨水,3000.0,その他,1997.0,143.75665681246187
6029,雨水,3000.0,現場打,,12.75012254843211
6181,雨水,3000.0,その他,1997.0,78.20427418013574
5795,雨水,3000.0,,,127.16449114343895
6182,雨水,3000.0,その他,1997.0,5.297459768601599
8846,雨水,3000.0,その他,1997.0,110.30902224439134
6183,雨水,3000.0,その他,1997.0,4.437816580250441
19427,雨水,2700.0,,,109.67822821131335
11872,雨水,2700.0,その他,1997.0,89.22113883106317
484,雨水,2700.0,,,63.59557445648088
11923,雨水,2600.0,ヒューム管,1989.0,69.14498427953778
22448,雨水,2600.0,ヒューム管,,166.8233809272527
22449,雨水,2600.0,ヒューム管,,171.77647206180762
22445,雨水,2600.0,ヒューム管,,7.424053946461659
11905,雨水,2600.0,ヒューム管･推進管,2004.0,97.13042732364184
11927,雨水,2600.0,ヒューム管･推進管,2004.0,30.692553641478145
22450,雨水,2600.0,ヒューム管,,10.792937737238583
22446,雨水,2600.0,ヒューム管,,49.83464944193144
22447,雨水,2600.0,ヒューム管,,88.10617297329615
22597,雨水,2600.0,その他,,17.030843343766733
22596,雨水,2600.0,その他,,29.46859060084495
22638,雨水,2500.0,その他,,5.100049019375078
22593,雨水,2500.0,その他,,14.08328832339469
22590,雨水,2500.0,その他,,33.30263178789476
22586,雨水,2500.0,その他,,22.841257780605524
22582,雨水,2500.0,その他,,98.72624354777163
11458,雨水,2500.0,ヒューム管,1994.0,84.2107563221078
11459,雨水,2500.0,ヒューム管,1994.0,83.4367302144673
8881,雨水,2500.0,その他,1997.0,101.7166461437577
20533,雨水,2500.0,塩ビ管,1994.0,84.69421914218377
19498,雨水,2500.0,その他,,29.544173496481278
19497,雨水,2500.0,その他,,37.9335143146614
19495,雨水,2500.0,その他,,10.225730924101548
6138,雨水,2500.0,その他,1997.0,120.73704416519024
19600,雨水,2500.0,その他,,52.89482639807051
19601,雨水,2500.0,その他,,24.22847643455684
19602,雨水,2500.0,その他,,3.980047262671266
11999,雨水,2500.0,その他,2007.0,94.52215720377983
22729,雨水,2500.0,その他,2007.0,6.004714231343279
11460,雨水,2500.0,ヒューム管,1994.0,85.01250443224684
22620,雨水,2500.0,その他,,5.218328180555653
12000,雨水,2500.0,その他,2007.0,2.3111110543296824
12009,雨水,2500.0,その他,2007.0,132.66059960699258
12227,雨水,2500.0,陶管,2004.0,16.77831576768302
19619,雨水,2500.0,その他,,56.45691638748053
19622,雨水,2500.0,その他,,13.510422384218474
19623,雨水,2500.0,その他,,6.5868885411103815
19620,雨水,2500.0,その他,,38.34497722717377
19621,雨水,2500.0,その他,,67.48349865641285
19618,雨水,2500.0,その他,,18.04520684281817
19558,雨水,2500.0,その他,,26.119287158200677
19557,雨水,2500.0,その他,,12.879829256428101
19500,雨水,2500.0,その他,,32.59806895932838
19603,雨水,2500.0,その他,,24.01173130545965
19604,雨水,2500.0,その他,,37.80764242376447
19616,雨水,2500.0,その他,,7.702272968375224
19617,雨水,2500.0,その他,,25.438163160885157
6137,雨水,2500.0,その他,1997.0,50.51636941797582
19499,雨水,2500.0,その他,,30.46229923050342
11453,雨水,2400.0,ヒューム管,1994.0,59.87342984685278
8908,雨水,2400.0,ヒューム管,,141.75332572558145
8909,雨水,2400.0,ヒューム管,,45.08639117708339
11454,雨水,2400.0,ヒューム管,1994.0,60.298191544283824
11414,雨水,2400.0,塩ビ管,1994.0,102.32915355150567
11413,雨水,2400.0,塩ビ管,1994.0,103.23040306342234
11445,雨水,2400.0,塩ビ管,1994.0,57.57356184639811
20528,雨水,2400.0,塩ビ管,1994.0,59.01637606707586
11903,雨水,2400.0,ヒューム管･推進管,1989.0,136.47400855880772
5397,雨水,2300.0,その他,,5.3145687156487815
10868,雨水,2300.0,,,2.7970028649956094
10864,雨水,2300.0,,,69.29766857432699
5396,雨水,2300.0,その他,,25.290580150427576
20933,雨水,2260.0,その他,2012.0,67.49797271086122
12228,雨水,2250.0,陶管,2004.0,22.886339066413974
19661,雨水,2200.0,塩ビ管,1996.0,103.96292342662669
19662,雨水,2200.0,塩ビ管,1996.0,203.92396180749301
11963,雨水,2200.0,その他,,51.16451080615334
12242,雨水,2200.0,,,77.45048955710008
12244,雨水,2200.0,,,40.93109679668332
19667,雨水,2200.0,塩ビ管,1996.0,54.93083686098059
5981,雨水,2200.0,シールド,,421.60435106180387
12245,雨水,2200.0,,1995.0,19.634103233757564
20531,雨水,2200.0,塩ビ管,1996.0,96.59065502046201
11416,雨水,2200.0,ヒューム管･推進管,1998.0,147.23661335140866
20544,雨水,2200.0,,,919.4481664940748
11467,雨水,2200.0,ヒューム管･推進管,1998.0,114.58272392923679
11473,雨水,2200.0,塩ビ管,1989.0,32.27766709862403
12243,雨水,2200.0,,,17.809339501140883
11964,雨水,2200.0,その他,,49.1638102422546
11415,雨水,2200.0,ヒューム管･推進管,1998.0,169.26666749956496
22691,雨水,2100.0,陶管,2004.0,12.255124397575743
20179,雨水,2100.0,陶管,2004.0,5.678879301828966
22577,雨水,2000.0,その他,2006.0,7.554845994459362
22579,雨水,2000.0,その他,2006.0,4.581189801788271
22727,雨水,2000.0,,1989.0,125.23614973320642
22578,雨水,2000.0,その他,2006.0,28.332266499522344
22598,雨水,2000.0,その他,,24.1818647908809
22454,雨水,2000.0,その他,,30.515467717206114
19104,雨水,2000.0,その他,,7.6551042368343545
19103,雨水,2000.0,その他,,13.322936763334626
19102,雨水,2000.0,その他,,12.205346574351518
19101,雨水,2000.0,その他,,13.058963097786183
19094,雨水,2000.0,その他,2000.0,76.84395018235355
10867,雨水,2000.0,その他,1997.0,65.37204793718986
10866,雨水,2000.0,その他,1997.0,78.72967159253952
10858,雨水,2000.0,その他,1994.0,35.886127125990654
8904,雨水,2000.0,その他,,51.0609951216114
10857,雨水,2000.0,その他,1994.0,23.38813473358394
10829,雨水,2000.0,ヒューム管,1994.0,797.3154258949196
8895,雨水,2000.0,ヒューム管･推進管,1989.0,64.00395414804504
20568,雨水,2000.0,ヒューム管･推進管,1998.0,124.73788749570096
11411,雨水,2000.0,塩ビ管,1994.0,144.40948346152254
8860,雨水,2000.0,その他,1997.0,142.17173238175872
8879,雨水,2000.0,,1995.0,96.06743350262612
22453,雨水,2000.0,その他,,19.80804788463403
6133,雨水,2000.0,その他,1997.0,11.91769212369629
6132,雨水,2000.0,,1995.0,98.01022833915415
6072,雨水,2000.0,その他,1997.0,58.41699554382114
6135,雨水,2000.0,その他,1997.0,55.50515728318474
6134,雨水,2000.0,その他,1997.0,38.25399438217091
6136,雨水,2000.0,その他,1997.0,19.50860002654173
19143,雨水,2000.0,その他,,24.363871408286805
19144,雨水,2000.0,その他,,28.324256958243506
6071,雨水,2000.0,その他,1997.0,148.70987731637163
19107,雨水,2000.0,その他,,18.219308126609803
19105,雨水,2000.0,その他,,14.833641338920772
19109,雨水,2000.0,その他,,14.809945453142866
19110,雨水,2000.0,その他,,15.126726605052362
19111,雨水,2000.0,その他,,31.66989662763431
19106,雨水,2000.0,その他,,14.977484796985358
5718,雨水,2000.0,ヒューム管,,45.64918210163059
5390,雨水,2000.0,ヒューム管,2009.0,64.33034781979462
5374,雨水,2000.0,ヒューム管,2009.0,51.94228728887996
5389,雨水,2000.0,その他,,39.28612077439173
5371,雨水,2000.0,ヒューム管,2009.0,46.43475770257899
5368,雨水,2000.0,ヒューム管,2009.0,63.233392776675466
11193,雨水,2000.0,,,23.91830358278219
11194,雨水,2000.0,,,25.190975875354795
11190,雨水,2000.0,,,12.306266257051812
11189,雨水,2000.0,,,52.713222152116344
11192,雨水,2000.0,,,32.63332263904053
11191,雨水,2000.0,,,14.618246185109726
11188,雨水,2000.0,,,58.74897828047627
19660,雨水,2000.0,塩ビ管,1996.0,48.429654183625814
19659,雨水,2000.0,塩ビ管,1996.0,124.46831514340406
19108,雨水,2000.0,その他,,21.367308373693064
6055,雨水,2000.0,,1995.0,121.45409688087892
19419,雨水,2000.0,その他,1994.0,49.81075563497138
19418,雨水,2000.0,その他,1994.0,13.083240156780526
19417,雨水,2000.0,その他,1994.0,23.980085404341708
19416,雨水,2000.0,その他,1994.0,35.32008104464369
19415,雨水,2000.0,その他,1994.0,34.468490926055736
19414,雨水,2000.0,その他,1994.0,27.737623005582964
5719,雨水,2000.0,ヒューム管,,5.084262090020878
12017,雨水,2000.0,ヒューム管,2009.0,4.085954939146175
11996,雨水,2000.0,その他,2007.0,84.12551671060054
11997,雨水,2000.0,その他,2007.0,23.786816426386675
11196,雨水,2000.0,,,56.1340042111316
11995,雨水,2000.0,その他,2007.0,78.55655640331742
11198,雨水,2000.0,,,22.86230107504492
11197,雨水,2000.0,,,29.078504786626706
11195,雨水,2000.0,,,31.51888147150922
19965,雨水,2000.0,その他,,131.26316360792714
19939,雨水,2000.0,,,47.27687596051745
19938,雨水,2000.0,,,35.70595897273359
19937,雨水,2000.0,,,17.457822315512402
19920,雨水,2000.0,その他,,299.7709087689035
19918,雨水,2000.0,その他,,10.131221735712
19917,雨水,2000.0,その他,,61.09219544791449
19910,雨水,2000.0,ヒューム管,,114.60064311359838
19909,雨水,2000.0,ヒューム管,,6.18907981851548
19908,雨水,2000.0,ヒューム管,,37.34078736449043
19907,雨水,2000.0,ヒューム管,1997.0,12.07860353180417
12241,雨水,2000.0,,1995.0,71.93442563249138
11902,雨水,2000.0,ヒューム管･推進管,1989.0,114.99622937800997
11901,雨水,2000.0,ヒューム管･推進管,1989.0,138.84988425402537
20078,雨水,2000.0,ヒューム管･推進管,1998.0,53.05394844885106
20059,雨水,2000.0,ヒューム管,1999.0,58.18885985043267
22730,雨水,2000.0,ヒューム管,2009.0,59.89237484855426
11925,雨水,2000.0,,,11.574159707051157
11926,雨水,2000.0,,,35.64975159680069
20060,雨水,2000.0,ヒューム管･推進管,1998.0,312.0847973275148
20109,雨水,2000.0,陶管,2004.0,56.08447100570935
11886,雨水,2000.0,その他,2004.0,51.301587070965745
20111,雨水,2000.0,陶管,2004.0,63.45589990666358
20110,雨水,2000.0,陶管,2004.0,60.17059381334125
20530,雨水,2000.0,ヒューム管,1994.0,94.69986660118536
20527,雨水,2000.0,塩ビ管,1994.0,259.49055636555016
20526,雨水,2000.0,塩ビ管,1994.0,129.48874718902158
20151,雨水,2000.0,陶管,2004.0,135.83229976240375
22452,雨水,2000.0,その他,,12.176667852907311
11474,雨水,2000.0,塩ビ管,1989.0,7.007412737228714
11475,雨水,2000.0,強化プラスチック管,1998.0,5.632704386654852
11732,雨水,2000.0,その他,,86.0611496772792
